id,x,y,sobr,tri
7,60,74,0.48223221610569605,2
9,69,63,0.4822322161069235,2
16,36,51,0.48223109344560006,2
19,39,51,0.4822316767530553,2
24,27,57,0.4822401103907345,2
25,36,47,0.4822322161055635,2
26,39,45,0.48223693410570495,2
27,24,44,0.4822322161055435,2
28,46,34,0.4822322161063814,2
