id,x,y,sobr,tri
1,70,61,0.122113373619611,3
2,67,66,0.1436101477975143,3
17,38,51,0.12210226075078517,3
20,35,59,0.14413084039583918,3
30,38,23,0.0651648717618844,3
