id,x,y,sobr,tri
0,61,59,0.9019582573283089,1
3,66,66,0.9024036628091514,1
4,62,65,0.9024461164578226,1
5,63,68,0.9024100857801458,1
10,69,60,0.9024577158394935,1
11,67,60,0.9024574972824482,1
13,39,38,0.9024576245208682,1
23,39,62,0.9024577158353815,1
29,41,17,0.9024577158394933,1
