id,x,y,sobr,tri
6,64,70,0.9024577158394937,0
8,62,61,0.9024577158394937,0
12,60,61,0.9024577158394937,0
14,40,47,0.9024577158394937,0
15,38,49,0.9024577156003686,0
18,39,52,0.902457715839103,0
21,34,59,0.9024577158394937,0
22,36,56,0.9024577158394937,0
